LSOA11CD,population,demand
E01008881,1720,89
E01008882,1780,268
E01008883,2108,236
E01008884,2168,183
E01008885,1325,131
E01008886,1629,181
E01008887,1640,170
E01008888,1631,176
E01008889,1826,212
E01008890,1897,177
E01008891,1589,189
E01008892,1629,142
E01008893,1845,86
E01008894,1590,123
E01008895,1871,90
E01008896,1654,99
E01008897,1874,77
E01008898,1735,95
E01008899,1244,46
E01008901,1787,149
E01008905,1821,140
E01008906,1854,93
E01008907,1763,203
E01008909,1804,130
E01008910,1506,240
E01008911,1944,172
E01008913,1855,300
E01008914,3255,494
E01008915,1736,116
E01008916,1808,126
E01008917,1323,167
E01008918,1766,74
E01008919,1581,257
E01008920,1349,215
E01008921,1405,211
E01008923,1443,176
E01008924,1471,163
E01008925,1194,173
E01008927,1414,61
E01008928,1516,62
E01008929,1583,195
E01008930,1948,103
E01008931,1436,205
E01008932,1652,152
E01008933,1582,173
E01008934,1440,108
E01008935,1779,152
E01008936,1589,106
E01008937,1434,243
E01008938,1623,113
E01008939,1561,98
E01008940,1540,47
E01008941,1548,185
E01008942,1572,141
E01008943,1553,157
E01008944,1684,153
E01008945,1855,199
E01008946,1558,118
E01008947,1349,60
E01008948,1477,60
E01008949,1205,137
E01008950,1391,150
E01008951,1391,117
E01008952,1701,144
E01008953,1546,59
E01008954,1336,211
E01008955,1684,81
E01008956,1469,244
E01008957,1772,76
E01008958,1583,239
E01008959,1747,143
E01008960,1557,168
E01008961,1440,154
E01008962,2103,232
E01008963,1262,63
E01008964,1495,166
E01008965,1479,79
E01008966,1565,148
E01008967,1710,225
E01008968,1752,233
E01008969,1570,121
E01008970,1533,81
E01008971,1707,169
E01008972,1841,96
E01008973,1959,165
E01008974,2859,356
E01008975,1522,230
E01008976,1606,166
E01008977,1679,68
E01008978,1472,186
E01008979,1590,63
E01008980,1666,90
E01008981,1531,193
E01008982,1678,160
E01008984,2324,264
E01008986,2030,318
E01008987,1837,294
E01008988,2458,125
E01008989,2135,132
E01008990,1313,67
E01008991,1566,219
E01008992,1949,294
E01008994,1857,87
E01008995,2554,342
E01008996,1700,80
E01008997,1575,123
E01008998,1884,74
E01008999,1677,214
E01009000,1761,68
E01009001,1860,160
E01009002,1662,259
E01009003,1776,129
E01009005,1752,288
E01009006,1587,259
E01009007,1734,181
E01009008,1499,199
E01009009,1497,168
E01009011,1824,203
E01009012,1391,150
E01009013,2023,255
E01009014,2413,130
E01009015,1840,242
E01009016,1578,51
E01009017,1732,196
E01009018,1712,177
E01009019,1674,103
E01009020,1499,227
E01009021,1674,198
E01009022,1760,156
E01009023,1705,137
E01009024,1723,66
E01009025,1527,113
E01009026,1685,219
E01009028,1884,87
E01009029,1622,171
E01009030,1512,95
E01009031,1742,78
E01009032,1844,126
E01009033,1916,150
E01009034,1694,209
E01009035,1851,101
E01009036,1552,104
E01009037,1700,204
E01009039,1653,101
E01009040,1776,212
E01009041,1684,250
E01009042,1351,75
E01009043,2014,160
E01009044,1788,223
E01009045,1894,130
E01009046,1845,307
E01009047,1864,307
E01009048,2019,311
E01009049,1739,233
E01009050,2025,205
E01009051,1858,273
E01009053,1601,61
E01009054,1639,132
E01009056,2240,198
E01009057,2157,160
E01009058,1985,158
E01009059,1804,272
E01009060,1743,86
E01009061,1801,177
E01009062,1731,80
E01009064,1428,109
E01009065,1780,105
E01009066,1756,296
E01009067,1495,65
E01009068,1745,268
E01009069,1696,68
E01009070,1717,62
E01009071,1677,72
E01009072,1656,83
E01009073,1788,278
E01009074,1815,293
E01009075,2056,69
E01009077,1879,282
E01009078,1687,124
E01009079,1444,157
E01009080,1183,61
E01009081,1315,60
E01009082,1449,100
E01009083,1635,216
E01009084,1906,215
E01009085,2152,171
E01009086,2066,130
E01009087,1647,68
E01009088,1674,115
E01009089,1680,194
E01009090,2029,330
E01009091,1622,172
E01009092,1779,169
E01009093,1704,273
E01009094,1568,210
E01009095,1805,306
E01009096,1657,88
E01009097,2058,65
E01009098,2079,254
E01009099,1853,235
E01009100,2060,279
E01009101,1572,241
E01009102,1494,187
E01009103,1482,97
E01009104,1648,188
E01009105,1572,124
E01009106,1235,182
E01009107,1882,78
E01009108,946,51
E01009109,1622,193
E01009110,1508,90
E01009111,1513,123
E01009112,1646,169
E01009113,1220,183
E01009114,1487,221
E01009115,1436,86
E01009116,1426,133
E01009117,2313,107
E01009118,1437,140
E01009119,1427,234
E01009120,1461,174
E01009121,2520,297
E01009122,1758,149
E01009123,1638,276
E01009124,1910,174
E01009125,1830,178
E01009126,1457,157
E01009127,1554,53
E01009128,1328,156
E01009129,1640,151
E01009130,1530,189
E01009131,1367,231
E01009132,1634,165
E01009133,1461,221
E01009134,1603,124
E01009135,1378,153
E01009136,1722,265
E01009137,1587,87
E01009138,2170,357
E01009139,1712,58
E01009140,2114,303
E01009141,1905,80
E01009143,1654,129
E01009145,2274,90
E01009146,2651,423
E01009147,1874,140
E01009151,2144,129
E01009152,2155,173
E01009153,2255,73
E01009155,1304,55
E01009157,1457,69
E01009158,1974,125
E01009159,2274,191
E01009160,1636,234
E01009161,1431,183
E01009162,1601,208
E01009163,1871,233
E01009164,1450,63
E01009165,1392,148
E01009166,1284,148
E01009167,1553,257
E01009168,1454,212
E01009169,1573,152
E01009170,1494,51
E01009171,1569,229
E01009172,1506,105
E01009173,1723,172
E01009174,1232,120
E01009175,1521,128
E01009176,1794,253
E01009177,1608,189
E01009178,1598,176
E01009179,1697,141
E01009182,1589,52
E01009183,1658,109
E01009184,1590,227
E01009185,1657,261
E01009186,1700,145
E01009187,1540,102
E01009188,1547,186
E01009189,1539,100
E01009192,2708,370
E01009194,3421,130
E01009195,2813,231
E01009197,1831,83
E01009198,1933,203
E01009199,1635,87
E01009200,2041,130
E01009201,1800,190
E01009202,1720,213
E01009203,3257,107
E01009204,1958,199
E01009205,1385,120
E01009206,1521,64
E01009207,1555,53
E01009208,1711,113
E01009209,2184,146
E01009210,1856,278
E01009211,1472,99
E01009212,1684,228
E01009213,1494,232
E01009214,1647,256
E01009215,1798,242
E01009216,1925,311
E01009217,1640,162
E01009218,1644,163
E01009219,1592,253
E01009220,1618,177
E01009221,1551,209
E01009222,1532,237
E01009223,1559,49
E01009224,1383,152
E01009225,1742,259
E01009226,1513,223
E01009227,1607,59
E01009228,1567,248
E01009229,1667,120
E01009230,1602,87
E01009231,1975,209
E01009232,1591,161
E01009233,1563,136
E01009234,1603,64
E01009235,1528,121
E01009236,1627,185
E01009237,1476,60
E01009238,1307,116
E01009239,2139,188
E01009240,1622,111
E01009241,1810,206
E01009242,2011,204
E01009243,1559,137
E01009244,1560,263
E01009245,1301,94
E01009246,1560,154
E01009247,1556,196
E01009248,1684,156
E01009249,1507,249
E01009250,1610,103
E01009251,1483,56
E01009252,1531,240
E01009253,1528,71
E01009254,1790,248
E01009255,1524,195
E01009256,1664,87
E01009257,1565,55
E01009258,1466,125
E01009259,1645,169
E01009260,1535,103
E01009261,1558,263
E01009262,1767,78
E01009263,1824,91
E01009264,1451,217
E01009265,1858,139
E01009266,1930,171
E01009267,1760,160
E01009268,1593,228
E01009269,1810,180
E01009270,2304,340
E01009271,1730,155
E01009272,1419,204
E01009273,1718,96
E01009274,2190,113
E01009275,1795,126
E01009276,1634,155
E01009278,1821,71
E01009279,1553,96
E01009280,1487,172
E01009281,1464,229
E01009282,1748,137
E01009283,1595,102
E01009284,3548,123
E01009286,2755,177
E01009288,1205,203
E01009289,2440,255
E01009290,2462,260
E01009291,1540,112
E01009292,1636,95
E01009293,1630,259
E01009294,1833,152
E01009295,1835,298
E01009296,1664,277
E01009297,1572,200
E01009298,1649,51
E01009299,1725,117
E01009300,1921,194
E01009301,1648,235
E01009302,1393,170
E01009303,1465,144
E01009304,1870,287
E01009305,1617,58
E01009306,1639,60
E01009307,1605,185
E01009308,2082,249
E01009309,1772,107
E01009310,1847,190
E01009311,1694,83
E01009312,1578,166
E01009313,1558,109
E01009314,1851,146
E01009315,1625,213
E01009316,1748,128
E01009317,2018,119
E01009318,1566,205
E01009319,1572,138
E01009320,1619,273
E01009321,2021,167
E01009322,1826,188
E01009323,1688,78
E01009324,1677,51
E01009325,1887,314
E01009326,2023,174
E01009327,1740,140
E01009328,2365,360
E01009329,2497,331
E01009331,2144,218
E01009332,1924,273
E01009333,1755,92
E01009334,1791,164
E01009335,1930,157
E01009337,1996,304
E01009338,1608,220
E01009339,1622,90
E01009340,2991,143
E01009341,1725,263
E01009342,1795,55
E01009343,2015,160
E01009344,1673,74
E01009345,2699,131
E01009346,1821,279
E01009347,1469,69
E01009348,2245,260
E01009349,2056,148
E01009350,1708,231
E01009351,1907,244
E01009352,1746,264
E01009353,1622,184
E01009354,1690,216
E01009355,1599,181
E01009358,2044,323
E01009359,2354,113
E01009360,2750,425
E01009361,2427,235
E01009362,1411,72
E01009363,1639,144
E01009364,1512,194
E01009365,1924,115
E01009366,1619,164
E01009367,1721,70
E01009368,1401,166
E01009371,1844,76
E01009372,1864,287
E01009373,1887,84
E01009374,1147,192
E01009375,1923,60
E01009376,1740,154
E01009377,1431,233
E01009378,2337,321
E01009379,1746,53
E01009380,1780,96
E01009382,2051,93
E01009383,1491,60
E01009384,1406,161
E01009385,1255,127
E01009389,1749,292
E01009390,1578,103
E01009391,1957,268
E01009392,1767,99
E01009393,1874,190
E01009394,1771,172
E01009395,1767,136
E01009396,2052,312
E01009397,1742,78
E01009399,1657,176
E01009400,1565,49
E01009401,1823,78
E01009403,1535,60
E01009404,1609,88
E01009405,1400,227
E01009406,1758,54
E01009407,1814,81
E01009408,1734,196
E01009409,1920,120
E01009410,1940,237
E01009411,1828,172
E01009412,1945,77
E01009413,1838,248
E01009414,2362,309
E01009415,1691,64
E01009416,2718,392
E01009417,1525,86
E01009418,1523,142
E01009419,1430,153
E01009420,1604,233
E01009421,1676,122
E01009422,1929,245
E01009423,1678,56
E01009424,1460,56
E01009425,1766,216
E01009426,1439,195
E01009427,1537,257
E01009428,1635,177
E01009429,1500,252
E01009430,1717,83
E01009431,1669,257
E01009432,1509,220
E01009433,1793,89
E01009434,1514,134
E01009435,1775,260
E01009436,1276,57
E01009437,1837,294
E01009438,1385,72
E01009439,1422,161
E01009440,1524,241
E01009441,1498,227
E01009442,1390,231
E01009443,1143,115
E01009444,1410,154
E01009445,1775,112
E01009446,2426,137
E01009447,1629,65
E01009448,1496,82
E01009449,1843,169
E01009450,1642,132
E01009451,1417,178
E01009452,1637,130
E01009453,1654,258
E01009454,1457,149
E01009455,1294,203
E01009456,1652,124
E01009457,1372,146
E01009458,1384,214
E01009459,1639,240
E01009460,1571,165
E01009461,1260,140
E01009462,1594,179
E01009463,1480,46
E01009464,1335,141
E01009465,1360,177
E01009466,1655,84
E01009467,1547,54
E01009468,1502,55
E01009469,1358,188
E01009470,1410,155
E01009471,1634,269
E01009472,1634,255
E01009473,2091,231
E01009474,1561,256
E01009475,2183,222
E01009476,2012,63
E01009477,1917,282
E01009478,2028,202
E01009479,2432,138
E01009480,2043,258
E01009481,2415,257
E01009482,1797,94
E01009483,2074,74
E01009484,1811,88
E01009485,1940,89
E01009486,2124,108
E01009487,2354,365
E01009488,2328,289
E01009489,2091,213
E01009490,2203,316
E01009491,1949,220
E01009492,2002,64
E01009493,1745,75
E01009494,1694,265
E01009495,1253,212
E01009496,1465,104
E01009497,1779,294
E01009498,1624,205
E01009499,1711,140
E01009500,1601,233
E01009501,1542,222
E01009502,1539,121
E01009503,1609,212
E01009504,1477,178
E01009505,1776,106
E01009506,1547,60
E01009507,1631,276
E01009508,1621,91
E01009509,2044,306
E01009510,1562,204
E01009511,1582,148
E01009512,1930,232
E01009513,1853,175
E01009514,1596,59
E01009515,1547,106
E01009516,1430,62
E01009517,1723,243
E01009518,1707,283
E01009519,1414,198
E01009520,1756,202
E01009521,1704,284
E01009719,1397,133
E01009720,1359,222
E01009721,2146,108
E01009722,1328,69
E01009723,1216,201
E01009724,1456,140
E01009725,1505,68
E01009726,1359,180
E01009727,1263,59
E01009728,1267,44
E01009729,1553,121
E01009730,1475,48
E01009731,1478,212
E01009732,1789,57
E01009733,1801,137
E01009734,1653,221
E01009735,1602,194
E01009736,1465,100
E01009737,1492,117
E01009738,1706,114
E01009739,1541,136
E01009740,2005,312
E01009741,2296,343
E01009742,1644,132
E01009743,1890,237
E01009744,2111,123
E01009745,1712,235
E01009746,1726,117
E01009747,1533,95
E01009748,1670,169
E01009749,1821,79
E01009750,1480,251
E01009751,1499,55
E01009752,1532,216
E01009753,1555,230
E01009754,1705,74
E01009756,1441,135
E01009757,1821,201
E01009758,1709,141
E01009759,1223,100
E01009760,1327,44
E01009762,1382,223
E01009763,1861,260
E01009764,1402,88
E01009765,1531,140
E01009766,1639,269
E01009767,1479,46
E01009768,1326,134
E01009769,1722,264
E01009770,1484,205
E01009771,1482,47
E01009772,1382,182
E01009773,1603,60
E01009774,1581,69
E01009775,1541,194
E01009776,1569,128
E01009777,1472,172
E01009778,1559,50
E01009779,1407,224
E01009780,2209,120
E01009781,2057,110
E01009782,1908,84
E01009783,1450,236
E01009784,1682,219
E01009785,1495,150
E01009786,1514,169
E01009787,1504,205
E01009788,1528,253
E01009789,1428,138
E01009790,1493,92
E01009791,1549,166
E01009792,1554,249
E01009793,1477,245
E01009794,1469,172
E01009795,1660,243
E01009796,1553,111
E01009797,1360,106
E01009798,1722,143
E01009799,1478,202
E01009800,1552,206
E01009801,1652,261
E01009802,1713,90
E01009803,1655,195
E01009804,1292,122
E01009805,1369,216
E01009806,1469,94
E01009807,1857,265
E01009808,1362,123
E01009809,1664,190
E01009810,1880,207
E01009811,1547,176
E01009812,1550,197
E01009813,1622,270
E01009814,1301,122
E01009815,1271,110
E01009816,1402,144
E01009817,1230,128
E01009818,1179,40
E01009819,1527,122
E01009820,1517,84
E01009821,1331,182
E01009822,1398,63
E01009823,1328,207
E01009824,1651,248
E01009825,1370,102
E01009826,1428,197
E01009827,1585,139
E01009828,1407,172
E01009829,1478,194
E01009830,1669,92
E01009831,1426,209
E01009832,1628,208
E01009833,1465,98
E01009834,1570,87
E01009835,1577,55
E01009836,1918,172
E01009837,1569,108
E01009838,1662,192
E01009839,1713,197
E01009840,1677,101
E01009841,1629,205
E01009842,1884,149
E01009843,1603,116
E01009844,1551,53
E01009845,1587,250
E01009846,1498,82
E01009847,1415,169
E01009848,1579,118
E01009849,1576,131
E01009850,1527,206
E01009851,1411,138
E01009852,1496,233
E01009853,1349,138
E01009854,1544,203
E01009855,1639,213
E01009856,1935,141
E01009857,1676,232
E01009858,1638,158
E01009859,1577,248
E01009860,1545,99
E01009861,1557,143
E01009862,1829,206
E01009863,2033,87
E01009864,1587,120
E01009865,1521,176
E01009866,1607,211
E01009867,1748,246
E01009868,1529,159
E01009869,1538,56
E01009870,1517,142
E01009871,2115,199
E01009872,1518,221
E01009873,1522,115
E01009874,1664,208
E01009875,1567,53
E01009876,1605,257
E01009877,1652,111
E01009878,2011,183
E01009879,2316,174
E01009880,1605,230
E01009881,2415,195
E01009882,1418,111
E01009883,1272,121
E01009884,1614,114
E01009885,1604,247
E01009886,1897,102
E01009887,1790,160
E01009888,1692,111
E01009889,2307,269
E01009890,1815,232
E01009891,1806,92
E01009892,1546,94
E01009893,1864,119
E01009894,1713,99
E01009895,1427,192
E01009896,1440,77
E01009897,1388,197
E01009898,1469,53
E01009899,1394,202
E01009900,1413,138
E01009901,1434,194
E01009902,1199,169
E01009903,1434,112
E01009904,1476,165
E01009905,1284,40
E01009906,1700,170
E01009907,1505,69
E01009908,1583,176
E01009909,1442,241
E01009910,1546,65
E01009911,1349,148
E01009912,1992,142
E01009913,1491,114
E01009914,1356,149
E01009915,1667,64
E01009916,1829,114
E01009917,1201,70
E01009918,1447,212
E01009919,1171,52
E01009920,1535,58
E01009921,1861,229
E01009922,1336,200
E01009923,1397,135
E01009924,1346,156
E01009925,1367,206
E01009926,1501,166
E01009927,1713,193
E01009928,2016,287
E01009929,1791,229
E01009930,1572,79
E01009931,2402,214
E01009932,1704,202
E01009933,1489,152
E01009934,1489,57
E01009935,2056,101
E01009936,1519,115
E01009937,1595,135
E01009938,1750,88
E01009939,1755,176
E01009940,1551,49
E01009941,1546,53
E01009942,1652,151
E01009943,1575,249
E01009944,1620,87
E01009946,1728,79
E01009947,2259,242
E01009948,1429,117
E01009949,1568,84
E01009950,1633,113
E01009951,2182,278
E01009952,2079,175
E01009953,1762,265
E01009954,1787,247
E01009955,2049,329
E01009956,1588,52
E01009957,1667,70
E01009958,1609,145
E01009959,1447,213
E01009960,1601,60
E01009961,1211,59
E01009962,1290,140
E01009963,1414,121
E01009964,1520,171
E01009965,1479,49
E01009966,1313,115
E01009967,1787,182
E01009968,1479,120
E01009969,1982,291
E01009970,1652,147
E01009971,1628,211
E01009972,1794,228
E01009973,2452,379
E01009974,1616,258
E01009975,1579,206
E01009976,2721,361
E01009977,1916,100
E01009978,1659,214
E01009979,1605,194
E01009980,2423,200
E01009981,1815,194
E01009982,1501,173
E01009983,1416,148
E01009985,1710,261
E01009986,1453,161
E01009987,1380,80
E01009988,2679,148
E01009989,1718,72
E01009991,2344,227
E01009992,1668,139
E01009993,1995,280
E01009994,1659,174
E01009995,1604,85
E01009996,1649,233
E01009997,1861,296
E01009998,2237,371
E01009999,1456,185
E01010000,1619,123
E01010001,1852,292
E01010002,2213,280
E01010003,1520,79
E01010004,1676,279
E01010005,1551,229
E01010006,1686,69
E01010007,1327,224
E01010008,1608,96
E01010009,1469,218
E01010010,1373,44
E01010011,2600,202
E01010012,1393,165
E01010013,1211,78
E01010014,1631,225
E01010015,1943,192
E01010016,1685,123
E01010017,2170,143
E01010018,2459,109
E01010019,2005,234
E01010020,2070,258
E01010021,1718,137
E01010022,1522,61
E01010023,1782,62
E01010024,1444,62
E01010025,1633,235
E01010026,1775,269
E01010027,1587,175
E01010028,1576,162
E01010029,1442,231
E01010030,1574,143
E01010031,1542,182
E01010032,1505,209
E01010033,1661,180
E01010034,1274,39
E01010035,1328,50
E01010036,1953,325
E01010037,1208,126
E01010038,1883,226
E01010039,1432,221
E01010040,1405,129
E01010041,1743,67
E01010042,1795,253
E01010043,1406,67
E01010044,1316,218
E01010045,1641,192
E01010046,2106,158
E01010047,2080,107
E01010048,1872,303
E01010049,1759,294
E01010050,1527,199
E01010051,1230,186
E01010052,1426,194
E01010053,2312,237
E01010054,2023,198
E01010055,1943,241
E01010056,1784,109
E01010057,2008,233
E01010058,1657,91
E01010059,2091,219
E01010060,2061,127
E01010061,2006,147
E01010062,1882,240
E01010063,2365,294
E01010064,1763,154
E01010065,3777,532
E01010066,1635,199
E01010067,1557,222
E01010068,1660,174
E01010069,1963,181
E01010070,1595,89
E01010071,1764,289
E01010072,2468,329
E01010073,1573,194
E01010074,2953,167
E01010075,1462,200
E01010076,1736,206
E01010077,1586,169
E01010078,1165,87
E01010079,1506,119
E01010080,1946,83
E01010081,1573,241
E01010082,2445,313
E01010083,1759,71
E01010084,1566,222
E01010085,1689,51
E01010086,1964,92
E01010087,1761,232
E01010088,1528,153
E01010089,1873,173
E01010090,1863,315
E01010091,1496,249
E01010092,1881,87
E01010093,1428,72
E01010094,1532,249
E01010095,1670,238
E01010096,1520,62
E01010097,1810,211
E01010098,1760,106
E01010099,1638,253
E01010100,1763,144
E01010101,2156,77
E01010102,1843,194
E01010103,2044,64
E01010104,1751,115
E01010105,1492,167
E01010106,1576,76
E01010107,2020,212
E01010108,2068,270
E01010109,1602,100
E01010110,1685,61
E01010111,1466,226
E01010112,1560,202
E01010113,1315,155
E01010114,1670,97
E01010115,1664,65
E01010116,1357,64
E01010117,1441,57
E01010118,1212,104
E01010119,1519,255
E01010120,1287,138
E01010121,1540,188
E01010122,1355,45
E01010123,1486,239
E01010124,1493,53
E01010125,1711,100
E01010126,1510,186
E01010127,1800,164
E01010128,1479,105
E01010129,1667,180
E01010130,1851,140
E01010131,1319,79
E01010132,1491,66
E01010133,1606,156
E01010134,1466,84
E01010135,1465,135
E01010136,1293,203
E01010137,1409,207
E01010138,1392,68
E01010139,1069,54
E01010140,1571,150
E01010141,1422,234
E01010142,1268,173
E01010143,1420,104
E01010144,1728,195
E01010145,1592,147
E01010146,1663,94
E01010147,1623,211
E01010148,1866,131
E01010149,1407,199
E01010150,1614,92
E01010151,1593,229
E01010152,1332,119
E01010153,1616,230
E01010154,1714,254
E01010155,1820,304
E01010156,1561,57
E01010157,1438,79
E01010158,1557,76
E01010159,1408,87
E01010160,1520,162
E01010161,1494,168
E01010162,1466,168
E01010163,1481,81
E01010167,1677,157
E01010172,1557,138
E01010173,1504,205
E01010174,1701,216
E01010175,1750,136
E01010176,1484,136
E01010177,1410,196
E01010178,2031,330
E01010179,1631,67
E01010180,1359,43
E01010181,2038,299
E01010183,1352,47
E01010184,1680,65
E01010185,1564,81
E01010186,1944,69
E01010187,1450,215
E01010188,1740,258
E01010189,1653,91
E01010190,1662,256
E01010191,2065,293
E01010192,1736,235
E01010193,1351,189
E01010194,1630,257
E01010195,1597,74
E01010196,1630,201
E01010197,1867,140
E01010198,1681,203
E01010199,1766,185
E01010200,1546,143
E01010201,1677,265
E01010202,1510,153
E01010203,1809,183
E01010204,1373,152
E01010205,1583,249
E01010206,1715,63
E01010207,1436,222
E01010208,1549,139
E01010209,1698,119
E01010210,1534,151
E01010211,1428,206
E01010212,1444,135
E01010213,1799,79
E01010214,1254,40
E01010215,1601,155
E01010216,1508,104
E01010217,1677,257
E01010218,1327,84
E01010219,1525,257
E01010220,1636,58
E01010221,1839,175
E01010222,1462,191
E01010223,1351,49
E01010225,1582,165
E01010226,1808,158
E01010227,1919,113
E01010228,1610,152
E01010229,1572,108
E01010230,1768,227
E01010231,1787,191
E01010232,2516,126
E01010233,2064,116
E01010234,1612,70
E01010235,1522,232
E01010236,1467,70
E01010237,1910,100
E01010238,1346,210
E01010239,1524,116
E01010240,1379,225
E01010241,2403,255
E01010242,1695,136
E01010243,1551,179
E01010244,1490,145
E01010245,1589,152
E01010246,1552,133
E01010247,1728,78
E01010248,1579,67
E01010249,1724,203
E01010250,1449,102
E01010251,1513,185
E01010252,1821,258
E01010253,1324,111
E01010254,1444,82
E01010255,1227,103
E01010256,1475,171
E01010257,1185,183
E01010258,1798,286
E01010259,1663,232
E01010260,1702,178
E01010261,1757,90
E01010262,1722,174
E01010263,1578,114
E01010264,1967,237
E01010265,1891,71
E01010266,1399,142
E01010267,1712,82
E01010268,1930,246
E01010269,1844,123
E01010270,1754,258
E01010271,1959,91
E01010272,1719,120
E01010273,1547,142
E01010274,1631,158
E01010275,1813,217
E01010277,1700,55
E01010279,2035,65
E01010282,1349,92
E01010283,2085,225
E01010284,1685,152
E01010285,1836,161
E01010286,1711,229
E01010287,1767,132
E01010288,1715,65
E01010289,1901,191
E01010290,1588,172
E01010291,1382,156
E01010292,2011,147
E01010293,1707,225
E01010294,1658,236
E01010295,1505,167
E01010296,1393,154
E01010297,1417,125
E01010298,1194,173
E01010299,1649,167
E01010300,1446,71
E01010301,1532,215
E01010302,1545,69
E01010303,1572,187
E01010304,1706,194
E01010305,1379,120
E01010306,2155,269
E01010307,1816,119
E01010308,1553,237
E01010309,2032,125
E01010310,1798,300
E01010311,2143,360
E01010312,1786,72
E01010313,1647,180
E01010314,1643,260
E01010315,1644,79
E01010316,1691,210
E01010317,1539,224
E01010318,1532,135
E01010319,1355,197
E01010320,1340,167
E01010321,1538,220
E01010322,1585,57
E01010323,1545,168
E01010324,1664,55
E01010325,1947,96
E01010326,1684,195
E01010327,1842,238
E01010328,1529,114
E01010329,1519,130
E01010330,1543,191
E01010331,1621,112
E01010332,1911,171
E01010333,1649,168
E01010334,1546,50
E01010335,1711,70
E01010336,1563,145
E01010337,1485,247
E01010338,1922,79
E01010339,1629,272
E01010340,1833,181
E01010341,1775,287
E01010342,1804,168
E01010343,1645,169
E01010344,1891,198
E01010345,1110,53
E01010346,1264,114
E01010347,1521,119
E01010348,1508,196
E01010349,1239,199
E01010350,1418,72
E01010351,1656,118
E01010352,1596,60
E01010353,1478,64
E01010354,1490,198
E01010355,1409,86
E01010356,1488,100
E01010357,2427,406
E01010358,1535,237
E01010359,1479,186
E01010360,1491,103
E01010361,1594,105
E01010362,1869,315
E01010363,2565,190
E01010364,1535,74
E01010365,1826,85
E01010366,1817,98
E01010367,1845,300
E01010368,2079,79
E01010369,1773,283
E01010370,1934,95
E01010371,2882,310
E01010372,1713,189
E01010373,1913,279
E01010374,2407,121
E01010375,2332,159
E01010376,1270,213
E01010377,1687,156
E01010378,1193,100
E01010379,1313,166
E01010380,1439,172
E01010381,1524,162
E01010382,1456,237
E01010383,1508,118
E01010384,1408,72
E01010385,1598,194
E01010386,1638,183
E01010387,1511,167
E01010388,1401,55
E01010389,1414,102
E01010390,1762,205
E01010391,2004,104
E01010392,1482,93
E01010393,1485,95
E01010394,1332,46
E01010395,1291,124
E01010396,1645,84
E01010397,1758,248
E01010398,1552,156
E01010399,1512,210
E01010400,2075,162
E01010401,1545,164
E01010402,1737,123
E01010403,1989,320
E01010404,2009,200
E01010405,1728,243
E01010406,2956,232
E01010407,1781,108
E01010408,1665,55
E01010409,1517,135
E01010410,2176,149
E01010411,2084,103
E01010412,2123,342
E01010413,1675,150
E01010414,2094,115
E01010415,1737,251
E01010416,1760,298
E01010417,1620,81
E01010418,1415,87
E01010419,1623,66
E01010420,1292,185
E01010421,1684,194
E01010422,1834,213
E01010423,1646,49
E01010424,1534,209
E01010425,1318,74
E01010426,1609,253
E01010427,1879,156
E01010428,1788,206
E01010429,1359,152
E01010430,1819,256
E01010431,1595,84
E01010432,1501,156
E01010433,1396,103
E01010434,1684,181
E01010435,1768,183
E01010436,1430,167
E01010437,1165,43
E01010438,1397,121
E01010439,1378,138
E01010440,1553,77
E01010441,1372,201
E01010442,1365,218
E01010443,1810,192
E01010444,1270,113
E01010445,1406,63
E01010446,1638,275
E01010447,1917,324
E01010448,1787,78
E01010449,2571,127
E01010450,1888,138
E01010451,1591,250
E01010452,1704,97
E01010453,2396,209
E01010454,1815,203
E01010455,2507,270
E01010456,1408,118
E01010457,1505,234
E01010458,1688,116
E01010459,1531,134
E01010460,1489,252
E01010461,1486,102
E01010462,1596,127
E01010463,1837,56
E01010464,1691,227
E01010465,1768,215
E01010466,1599,62
E01010467,1674,164
E01010468,1498,249
E01010469,1418,79
E01010470,1419,229
E01010471,2024,166
E01010472,2247,335
E01010473,2605,106
E01010474,1675,242
E01010475,1782,258
E01010476,2021,97
E01010477,1861,146
E01010478,1673,108
E01010479,1496,214
E01010480,1264,125
E01010481,1695,54
E01010482,1387,48
E01010483,1399,90
E01010484,1372,45
E01010485,1985,140
E01010486,1732,242
E01010487,1487,148
E01010488,1409,163
E01010489,1404,157
E01010490,1745,191
E01010491,1501,231
E01010492,1317,120
E01010493,1603,227
E01010494,1568,120
E01010495,1670,149
E01010496,1495,87
E01010497,1185,151
E01010498,1403,119
E01010499,1381,86
E01010500,1450,202
E01010501,1470,175
E01010502,1392,198
E01010503,1299,203
E01010504,1566,96
E01010505,1306,138
E01010506,1760,257
E01010507,1448,242
E01010508,1498,176
E01010509,1504,199
E01010510,1637,87
E01010511,1701,115
E01010512,1412,234
E01010513,1447,81
E01010514,1583,148
E01010515,1609,102
E01010516,1442,49
E01010517,1611,156
E01010518,1583,267
E01010519,1568,230
E01010520,1583,225
E01010521,3701,497
E01010522,1801,57
E01010523,1632,187
E01010524,1655,177
E01010525,1818,270
E01010526,1673,184
E01010527,1927,284
E01010528,2257,282
E01010529,1995,162
E01010530,2038,310
E01010531,1769,297
E01010532,1601,177
E01010533,1913,159
E01010534,1555,180
E01010535,1528,108
E01010536,1632,107
E01010537,1394,194
E01010538,1552,121
E01010539,1616,110
E01010540,1400,88
E01010541,1505,193
E01010542,1490,174
E01010543,1452,231
E01010544,1440,176
E01010545,1650,177
E01010546,1636,206
E01010547,1590,266
E01010548,1417,236
E01010549,1539,114
E01010550,1611,179
E01010551,1642,226
E01010552,1839,193
E01010553,1538,143
E01010554,1340,162
E01010555,1506,180
E01010556,1399,88
E01010557,1389,167
E01010558,1597,65
E01010559,1449,49
E01010560,1591,230
E01010561,1549,227
E01010562,1506,242
E01010563,1394,148
E01010564,2344,185
E01010565,1844,226
E01010566,1886,110
E01010567,1491,237
E01014000,1365,224
E01014001,1517,154
E01014015,1676,224
E01014028,1531,205
E01014030,1389,84
E01014106,1584,53
E01014107,1057,52
E01014108,1466,74
E01014109,1282,40
E01014110,1739,109
E01014115,1372,67
E01014116,1782,244
E01014117,1175,39
E01014118,1345,178
E01014148,1524,53
E01014151,1422,92
E01014157,1501,81
E01014162,1621,175
E01014165,1558,117
E01014181,1902,205
E01014182,1270,81
E01014183,1740,166
E01014191,1936,129
E01014192,1419,93
E01014193,1698,129
E01014194,1504,104
E01014195,1432,158
E01014196,1598,61
E01028826,1616,103
E01028827,1496,158
E01028828,1686,271
E01028829,1305,132
E01028830,1497,202
E01028831,1600,51
E01028832,1646,126
E01028833,1479,233
E01028834,1598,157
E01028835,1609,126
E01028836,1569,186
E01028837,1422,234
E01028839,1336,216
E01028841,1530,171
E01028842,1663,71
E01028844,2167,218
E01028845,1909,154
E01028846,1762,297
E01028847,1400,65
E01028848,1688,207
E01028849,2028,317
E01028850,2614,101
E01028853,1477,234
E01028854,1458,47
E01028855,2069,169
E01028856,1477,120
E01028857,2018,110
E01028858,2192,282
E01028859,1666,251
E01029001,2141,91
E01029353,1415,98
E01029359,2083,125
E01029360,1574,229
E01029361,1453,101
E01029362,1642,254
E01029363,1430,133
E01029364,1659,56
E01029365,1546,93
E01029366,1666,145
E01029375,2568,378
E01029381,1480,183
E01029382,1666,51
E01029394,1412,149
E01029395,1628,254
E01029396,1633,143
E01029397,2710,267
E01029398,1679,159
E01029475,2022,288
E01029476,1416,216
E01029483,1522,165
E01029484,1770,217
E01029485,1516,183
E01029486,1397,100
E01029487,1679,207
E01029488,2342,228
E01029489,1619,159
E01029490,1429,87
E01029491,1785,132
E01029493,1932,250
E01029494,1553,212
E01029495,1563,218
E01029496,1953,166
E01029497,2182,258
E01029501,1677,224
E01029502,1659,175
E01029503,1635,217
E01029504,1763,206
E01029505,1609,224
E01029506,1820,200
E01029507,1641,133
E01029508,2241,358
E01029511,1598,48
E01029512,1861,113
E01029513,1418,79
E01029514,1572,177
E01029515,1785,253
E01029517,1697,260
E01029518,2980,285
E01029519,2388,286
E01029520,1606,163
E01029521,1732,189
E01029522,1549,247
E01029523,1550,87
E01029524,1766,114
E01029526,1688,222
E01029527,1282,203
E01029528,1310,192
E01029529,1296,168
E01029530,2047,309
E01029531,1653,155
E01029613,1341,162
E01029614,1668,183
E01029615,1199,95
E01029616,1544,224
E01029617,1630,169
E01029618,1671,246
E01029619,1900,62
E01029620,1247,53
E01029621,1567,56
E01029622,1671,172
E01029623,1110,178
E01029624,1443,109
E01029625,1082,50
E01029626,1530,83
E01029627,1469,91
E01029628,1198,65
E01029629,1214,175
E01029630,1474,125
E01029631,1469,163
E01029632,1899,187
E01029633,1743,271
E01029634,1574,152
E01029635,1773,136
E01029636,1387,75
E01029637,4413,697
E01029638,2079,133
E01029639,1452,222
E01029640,1441,194
E01029641,1969,136
E01029642,1405,111
E01029643,1547,95
E01029644,1443,113
E01029645,2380,238
E01029647,2567,419
E01029649,1155,71
E01029650,1558,149
E01029651,1519,172
E01029652,1767,53
E01029653,1282,58
E01029654,2272,371
E01029658,1282,159
E01029661,1996,78
E01029662,2157,251
E01029663,1453,93
E01029664,1550,55
E01029665,1808,94
E01029666,1609,179
E01029667,2233,91
E01029670,1672,240
E01029671,1565,115
E01029672,1754,245
E01029673,1601,195
E01029674,1782,160
E01029675,1476,94
E01029676,1074,55
E01029677,1343,126
E01029678,1780,203
E01029679,1520,135
E01029680,1493,111
E01029836,1361,223
E01029837,1607,262
E01029839,1163,45
E01029846,1225,127
E01029847,1296,135
E01029848,1237,50
E01029849,1646,234
E01029850,1382,148
E01031019,1700,278
E01031020,1552,140
E01031021,1588,223
E01031022,1937,280
E01031023,1566,56
E01031024,1711,180
E01031028,1848,303
E01031041,1624,258
E01031042,1776,59
E01031183,1650,91
E01031184,1546,247
E01031185,1362,146
E01031186,1536,102
E01031187,1968,262
E01031188,2458,416
E01031189,1455,150
E01031190,2102,308
E01031191,1823,306
E01031192,2001,282
E01031195,2200,72
E01031202,1650,156
E01031203,1481,204
E01031204,1351,151
E01031208,2266,81
E01031212,3456,314
E01031213,1893,165
E01031217,1222,104
E01031218,1290,60
E01031228,1599,59
E01031229,1922,304
E01031230,2888,313
E01031231,2516,330
E01031232,2348,153
E01031233,1662,55
E01031234,1778,222
E01031235,1907,191
E01031236,1574,207
E01031237,1566,256
E01031238,1312,129
E01031239,1594,74
E01031240,1274,135
E01031241,1360,211
E01031242,1510,229
E01031243,1980,143
E01031244,1819,140
E01031248,2366,73
E01031281,1460,180
E01031282,1451,158
E01032122,2415,329
E01032123,1531,141
E01032124,1553,244
E01032125,1478,231
E01032126,2020,72
E01032127,1801,255
E01032128,1335,127
E01032129,1461,56
E01032130,2823,138
E01032131,1794,262
E01032132,2183,134
E01032133,1627,249
E01032134,1748,158
E01032135,1685,218
E01032136,1324,55
E01032137,1602,105
E01032138,1476,122
E01032139,1862,138
E01032140,1776,107
E01032141,1537,91
E01032142,2168,177
E01032143,1428,57
E01032144,1845,112
E01032145,1612,188
E01032146,1593,123
E01032147,1142,86
E01032148,1103,63
E01032149,1298,105
E01032150,1467,141
E01032151,1443,54
E01032152,1478,212
E01032153,1444,59
E01032154,1796,252
E01032155,1733,120
E01032156,2261,331
E01032157,1748,73
E01032158,1514,234
E01032159,1798,81
E01032160,1694,207
E01032161,1829,212
E01032162,1835,142
E01032166,2173,307
E01032168,1131,191
E01032169,1125,152
E01032170,1408,155
E01032171,1471,139
E01032172,1599,220
E01032173,1650,175
E01032174,1633,249
E01032175,1716,63
E01032176,2165,365
E01032177,1498,192
E01032178,1227,193
E01032179,1659,79
E01032180,1834,208
E01032181,2182,366
E01032182,2130,313
E01032183,1463,92
E01032189,2768,310
E01032190,1848,169
E01032191,2375,371
E01032192,1721,124
E01032193,2248,144
E01032194,1503,103
E01032199,1917,206
E01032205,1115,57
E01032206,1280,103
E01032207,1527,120
E01032212,1879,260
E01032223,2290,301
E01032224,1873,64
E01032225,1122,54
E01032226,2294,174
E01032227,1034,154
E01032228,1435,69
E01032229,1377,196
E01032230,1507,154
E01032231,1807,305
E01032232,1632,60
E01032233,3446,146
E01032234,1852,289
E01032235,1797,187
E01032236,1896,192
E01032237,1483,190
E01032238,1380,179
E01032239,1922,292
E01032240,1236,140
E01032241,1339,71
E01032242,1295,144
E01032243,1272,62
E01032244,1459,111
E01032245,1558,151
E01032246,1368,200
E01032247,1419,43
E01032248,1400,205
E01032249,1519,253
E01032250,1365,94
E01032251,1826,237
E01032252,1471,123
E01032253,1260,93
E01032254,2060,174
E01032255,1390,227
E01032256,1382,47
E01032257,1407,201
E01032258,1500,203
E01032259,1355,104
E01032260,1440,162
E01032261,1390,193
E01032262,2128,292
E01032263,1742,179
E01032264,1738,95
E01032265,1646,153
E01032266,1651,133
E01032267,1717,192
E01032268,1133,98
E01032269,1676,139
E01032270,1399,194
E01032271,1289,189
E01032272,1260,137
E01032273,1321,155
E01032274,1235,44
E01032275,1430,62
E01032276,1398,49
E01032277,1278,204
E01032278,1595,86
E01032279,1321,92
E01032280,1595,92
E01032281,1416,130
E01032282,1969,286
E01032283,1685,81
E01032284,1936,160
E01032285,1674,205
E01032286,2323,376
E01032287,1665,243
E01032288,1560,238
E01032289,1395,70
E01032290,1456,188
E01032292,1675,259
E01032294,1351,183
E01032295,3084,183
E01032296,1630,247
E01032297,1624,98
E01032298,1738,86
E01032299,1545,155
E01032300,1674,79
E01032301,1521,164
E01032302,1380,144
E01032303,1341,67
E01032304,1507,189
E01032305,1647,118
E01032306,1492,117
E01032307,1813,258
E01032308,1470,96
E01032309,1606,164
E01032310,1411,232
E01032311,1435,136
E01032312,1406,113
E01032313,1273,63
E01032314,1152,153
E01032315,2249,216
E01032316,1144,114
E01032317,1492,76
E01032318,1673,135
E01032319,1716,265
E01032320,1863,296
E01032321,1911,179
E01032322,1911,299
E01032323,1427,100
E01032324,1332,54
E01032325,1455,70
E01032326,1322,220
E01032327,2072,103
E01032328,1463,121
E01032329,1895,70
E01032330,1155,118
E01032331,1389,165
E01032332,1208,137
E01032333,2002,316
E01032334,2296,317
E01032335,1562,106
E01032336,1518,250
E01032337,2361,119
E01032338,2041,80
E01032339,1709,183
E01032345,1505,211
E01032346,1365,53
E01032354,2835,168
E01032355,1381,161
E01032357,1135,154
E01032358,1435,142
E01032359,1921,119
E01032360,1934,219
E01032361,1706,260
E01032362,2119,341
E01032363,1533,89
E01032364,1748,136
E01032365,1727,244
E01032366,1623,95
E01032367,1635,131
E01032368,1248,158
E01032369,1506,189
E01032370,1307,171
E01032371,1303,173
E01032386,1405,221
E01032387,1531,247
E01032388,1357,192
E01032389,1347,198
E01032390,1522,51
E01032392,1542,51
E01032393,1686,189
E01032394,1155,70
E01032395,1302,119
E01032399,1862,219
E01032400,2248,342
E01032401,1531,215
E01032402,1651,53
E01032403,1996,221
E01032404,2451,124
E01032410,1374,122
E01032411,1627,259
E01032414,1470,209
E01032416,1201,123
E01032417,1497,101
E01032418,1291,66
E01032419,1388,197
E01032420,1181,83
E01032421,1157,140
E01032422,1477,72
E01032423,1587,68
E01032424,1438,243
E01032425,1385,219
E01032426,1416,112
E01032427,1539,144
E01032428,1478,166
E01032429,1524,142
E01032430,1729,246
E01032431,1520,87
E01032432,1303,194
E01032433,1511,111
E01032434,2389,163
E01032435,1524,111
E01032436,1489,107
E01032437,1868,197
E01032438,1513,66
E01032439,1422,208
E01032440,1189,166
E01032441,1174,157
E01032442,1591,244
E01032443,1298,189
E01032444,1245,146
E01032445,1618,185
E01032446,1411,96
E01032447,1456,203
E01032448,1201,38
E01032449,1554,113
E01032450,2525,303
E01032451,1480,112
E01032452,1548,59
E01032453,1781,210
E01032454,1695,242
E01032455,1479,112
E01032456,1193,172
E01032457,1449,145
E01032458,1432,115
E01032459,1458,247
E01032460,1824,118
E01032461,2108,214
E01032462,2265,73
E01032463,1606,256
E01032464,1566,65
E01032465,1559,105
E01032466,1490,99
E01032467,1211,109
E01032468,1108,91
E01032469,1785,70
E01032470,2416,146
E01032471,1664,114
E01032472,1227,65
E01032473,1323,75
E01032474,1719,183
E01032475,1772,226
E01032476,1350,212
E01032477,1184,62
E01032478,1563,135
E01032479,2093,173
E01032480,1834,241
E01032481,1776,59
E01032482,1366,142
E01032589,1519,83
E01032590,1869,127
E01032591,1670,266
E01032592,1761,172
E01032885,1559,257
E01032886,2274,240
E01032887,3195,215
E01032888,2763,190
E01032889,2494,340
E01032899,1641,250
E01032900,2257,160
E01033059,1712,70
E01033060,2000,265
E01033061,1828,274
E01033062,2343,95
E01033187,3270,197
E01033243,1655,264
E01033246,1178,44
E01033247,1493,202
E01033248,1240,177
E01033249,1467,162
E01033251,1945,322
E01033557,2623,304
E01033559,1926,96
E01033561,4484,558
E01033562,2813,191
E01033564,1648,186
E01033565,1384,84
E01033567,1772,114
E01033615,1311,160
E01033616,1344,88
E01033617,3933,423
E01033618,1563,52
E01033619,1596,87
E01033620,1391,232
E01033621,3182,275
E01033622,2587,123
E01033623,1650,180
E01033624,1402,198
E01033625,2197,347
E01033626,1394,119
E01033627,1043,38
E01033628,2925,470
E01033629,2755,237
E01033630,1333,89
E01033631,6875,725
E01033632,2776,174
E01033633,2983,135
E01033634,4738,478
E01033635,3153,502
E01033636,3367,491
E01033637,2916,256
E01033638,1990,237
E01033639,2211,204
E01033640,1323,103
E01033641,3349,172
E01033642,3223,291
E01033643,3235,245
E01033644,3100,106
E01033645,3614,183
E01033646,2128,304
E01033647,1622,236
E01033648,2680,198
E01033649,1983,104
E01033650,2647,137
